<?xml version="1.0" encoding="UTF-8"?>
<spirit:component xmlns:xilinx="http://www.xilinx.com" xmlns:spirit="http://www.spiritconsortium.org/XMLSchema/SPIRIT/1685-2009" xmlns:xsi="http://www.w3.org/2001/XMLSchema-instance">
  <spirit:vendor>xilinx.com</spirit:vendor>
  <spirit:library>customized_ip</spirit:library>
  <spirit:name>design_1_xyz_vga2hdmi_0_0</spirit:name>
  <spirit:version>1.0</spirit:version>
  <spirit:busInterfaces>
    <spirit:busInterface>
      <spirit:name>reset_n</spirit:name>
      <spirit:busType spirit:vendor="xilinx.com" spirit:library="signal" spirit:name="reset" spirit:version="1.0"/>
      <spirit:abstractionType spirit:vendor="xilinx.com" spirit:library="signal" spirit:name="reset_rtl" spirit:version="1.0"/>
      <spirit:slave/>
      <spirit:portMaps>
        <spirit:portMap>
          <spirit:logicalPort>
            <spirit:name>RST</spirit:name>
          </spirit:logicalPort>
          <spirit:physicalPort>
            <spirit:name>reset_n</spirit:name>
          </spirit:physicalPort>
        </spirit:portMap>
      </spirit:portMaps>
      <spirit:parameters>
        <spirit:parameter>
          <spirit:name>POLARITY</spirit:name>
          <spirit:value spirit:resolve="generated" spirit:id="BUSIFPARAM_VALUE.RESET_N.POLARITY">ACTIVE_LOW</spirit:value>
          <spirit:vendorExtensions>
            <xilinx:parameterInfo>
              <xilinx:parameterUsage>none</xilinx:parameterUsage>
            </xilinx:parameterInfo>
          </spirit:vendorExtensions>
        </spirit:parameter>
        <spirit:parameter>
          <spirit:name>INSERT_VIP</spirit:name>
          <spirit:value spirit:format="long" spirit:resolve="user" spirit:id="BUSIFPARAM_VALUE.RESET_N.INSERT_VIP">0</spirit:value>
          <spirit:vendorExtensions>
            <xilinx:parameterInfo>
              <xilinx:parameterUsage>simulation.rtl</xilinx:parameterUsage>
            </xilinx:parameterInfo>
          </spirit:vendorExtensions>
        </spirit:parameter>
      </spirit:parameters>
    </spirit:busInterface>
    <spirit:busInterface>
      <spirit:name>tmds_clk_n</spirit:name>
      <spirit:busType spirit:vendor="xilinx.com" spirit:library="signal" spirit:name="clock" spirit:version="1.0"/>
      <spirit:abstractionType spirit:vendor="xilinx.com" spirit:library="signal" spirit:name="clock_rtl" spirit:version="1.0"/>
      <spirit:master>
        <spirit:addressSpaceRef spirit:addressSpaceRef="tmds_clk_n"/>
      </spirit:master>
      <spirit:portMaps>
        <spirit:portMap>
          <spirit:logicalPort>
            <spirit:name>CLK</spirit:name>
          </spirit:logicalPort>
          <spirit:physicalPort>
            <spirit:name>tmds_clk_n</spirit:name>
          </spirit:physicalPort>
        </spirit:portMap>
      </spirit:portMaps>
      <spirit:parameters>
        <spirit:parameter>
          <spirit:name>ASSOCIATED_RESET</spirit:name>
          <spirit:value spirit:id="BUSIFPARAM_VALUE.TMDS_CLK_N.ASSOCIATED_RESET">reset_n</spirit:value>
        </spirit:parameter>
        <spirit:parameter>
          <spirit:name>FREQ_HZ</spirit:name>
          <spirit:value spirit:format="long" spirit:resolve="generated" spirit:id="BUSIFPARAM_VALUE.TMDS_CLK_N.FREQ_HZ">100000000</spirit:value>
          <spirit:vendorExtensions>
            <xilinx:parameterInfo>
              <xilinx:parameterUsage>none</xilinx:parameterUsage>
            </xilinx:parameterInfo>
          </spirit:vendorExtensions>
        </spirit:parameter>
        <spirit:parameter>
          <spirit:name>PHASE</spirit:name>
          <spirit:value spirit:format="float" spirit:resolve="generated" spirit:id="BUSIFPARAM_VALUE.TMDS_CLK_N.PHASE">0.000</spirit:value>
          <spirit:vendorExtensions>
            <xilinx:parameterInfo>
              <xilinx:parameterUsage>none</xilinx:parameterUsage>
            </xilinx:parameterInfo>
          </spirit:vendorExtensions>
        </spirit:parameter>
        <spirit:parameter>
          <spirit:name>CLK_DOMAIN</spirit:name>
          <spirit:value spirit:resolve="generated" spirit:id="BUSIFPARAM_VALUE.TMDS_CLK_N.CLK_DOMAIN">design_1_xyz_vga2hdmi_0_0_tmds_clk_n</spirit:value>
          <spirit:vendorExtensions>
            <xilinx:parameterInfo>
              <xilinx:parameterUsage>none</xilinx:parameterUsage>
            </xilinx:parameterInfo>
          </spirit:vendorExtensions>
        </spirit:parameter>
        <spirit:parameter>
          <spirit:name>ASSOCIATED_BUSIF</spirit:name>
          <spirit:value spirit:resolve="generated" spirit:id="BUSIFPARAM_VALUE.TMDS_CLK_N.ASSOCIATED_BUSIF"/>
          <spirit:vendorExtensions>
            <xilinx:parameterInfo>
              <xilinx:parameterUsage>none</xilinx:parameterUsage>
            </xilinx:parameterInfo>
          </spirit:vendorExtensions>
        </spirit:parameter>
        <spirit:parameter>
          <spirit:name>INSERT_VIP</spirit:name>
          <spirit:value spirit:format="long" spirit:resolve="user" spirit:id="BUSIFPARAM_VALUE.TMDS_CLK_N.INSERT_VIP">0</spirit:value>
          <spirit:vendorExtensions>
            <xilinx:parameterInfo>
              <xilinx:parameterUsage>simulation.rtl</xilinx:parameterUsage>
            </xilinx:parameterInfo>
          </spirit:vendorExtensions>
        </spirit:parameter>
      </spirit:parameters>
    </spirit:busInterface>
    <spirit:busInterface>
      <spirit:name>tmds_clk_p</spirit:name>
      <spirit:busType spirit:vendor="xilinx.com" spirit:library="signal" spirit:name="clock" spirit:version="1.0"/>
      <spirit:abstractionType spirit:vendor="xilinx.com" spirit:library="signal" spirit:name="clock_rtl" spirit:version="1.0"/>
      <spirit:master/>
      <spirit:portMaps>
        <spirit:portMap>
          <spirit:logicalPort>
            <spirit:name>CLK</spirit:name>
          </spirit:logicalPort>
          <spirit:physicalPort>
            <spirit:name>tmds_clk_p</spirit:name>
          </spirit:physicalPort>
        </spirit:portMap>
      </spirit:portMaps>
      <spirit:parameters>
        <spirit:parameter>
          <spirit:name>FREQ_HZ</spirit:name>
          <spirit:value spirit:format="long" spirit:resolve="generated" spirit:id="BUSIFPARAM_VALUE.TMDS_CLK_P.FREQ_HZ">100000000</spirit:value>
          <spirit:vendorExtensions>
            <xilinx:parameterInfo>
              <xilinx:parameterUsage>none</xilinx:parameterUsage>
            </xilinx:parameterInfo>
          </spirit:vendorExtensions>
        </spirit:parameter>
        <spirit:parameter>
          <spirit:name>PHASE</spirit:name>
          <spirit:value spirit:format="float" spirit:resolve="generated" spirit:id="BUSIFPARAM_VALUE.TMDS_CLK_P.PHASE">0.000</spirit:value>
          <spirit:vendorExtensions>
            <xilinx:parameterInfo>
              <xilinx:parameterUsage>none</xilinx:parameterUsage>
            </xilinx:parameterInfo>
          </spirit:vendorExtensions>
        </spirit:parameter>
        <spirit:parameter>
          <spirit:name>CLK_DOMAIN</spirit:name>
          <spirit:value spirit:resolve="generated" spirit:id="BUSIFPARAM_VALUE.TMDS_CLK_P.CLK_DOMAIN">design_1_xyz_vga2hdmi_0_0_tmds_clk_p</spirit:value>
          <spirit:vendorExtensions>
            <xilinx:parameterInfo>
              <xilinx:parameterUsage>none</xilinx:parameterUsage>
            </xilinx:parameterInfo>
          </spirit:vendorExtensions>
        </spirit:parameter>
        <spirit:parameter>
          <spirit:name>ASSOCIATED_BUSIF</spirit:name>
          <spirit:value spirit:resolve="generated" spirit:id="BUSIFPARAM_VALUE.TMDS_CLK_P.ASSOCIATED_BUSIF"/>
          <spirit:vendorExtensions>
            <xilinx:parameterInfo>
              <xilinx:parameterUsage>none</xilinx:parameterUsage>
            </xilinx:parameterInfo>
          </spirit:vendorExtensions>
        </spirit:parameter>
        <spirit:parameter>
          <spirit:name>ASSOCIATED_RESET</spirit:name>
          <spirit:value spirit:resolve="generated" spirit:id="BUSIFPARAM_VALUE.TMDS_CLK_P.ASSOCIATED_RESET"/>
          <spirit:vendorExtensions>
            <xilinx:parameterInfo>
              <xilinx:parameterUsage>none</xilinx:parameterUsage>
            </xilinx:parameterInfo>
          </spirit:vendorExtensions>
        </spirit:parameter>
        <spirit:parameter>
          <spirit:name>INSERT_VIP</spirit:name>
          <spirit:value spirit:format="long" spirit:resolve="user" spirit:id="BUSIFPARAM_VALUE.TMDS_CLK_P.INSERT_VIP">0</spirit:value>
          <spirit:vendorExtensions>
            <xilinx:parameterInfo>
              <xilinx:parameterUsage>simulation.rtl</xilinx:parameterUsage>
            </xilinx:parameterInfo>
          </spirit:vendorExtensions>
        </spirit:parameter>
      </spirit:parameters>
    </spirit:busInterface>
  </spirit:busInterfaces>
  <spirit:model>
    <spirit:views>
      <spirit:view>
        <spirit:name>xilinx_anylanguagesynthesis</spirit:name>
        <spirit:displayName>Synthesis</spirit:displayName>
        <spirit:envIdentifier>:vivado.xilinx.com:synthesis</spirit:envIdentifier>
        <spirit:modelName>vga_to_hdmi_top</spirit:modelName>
        <spirit:fileSetRef>
          <spirit:localName>xilinx_anylanguagesynthesis_view_fileset</spirit:localName>
        </spirit:fileSetRef>
        <spirit:parameters>
          <spirit:parameter>
            <spirit:name>GENtimestamp</spirit:name>
            <spirit:value>Fri Jul 24 04:03:21 UTC 2020</spirit:value>
          </spirit:parameter>
          <spirit:parameter>
            <spirit:name>outputProductCRC</spirit:name>
            <spirit:value>9:3f712aa6</spirit:value>
          </spirit:parameter>
        </spirit:parameters>
      </spirit:view>
      <spirit:view>
        <spirit:name>xilinx_verilogsynthesiswrapper</spirit:name>
        <spirit:displayName>Verilog Synthesis Wrapper</spirit:displayName>
        <spirit:envIdentifier>verilogSource:vivado.xilinx.com:synthesis.wrapper</spirit:envIdentifier>
        <spirit:language>verilog</spirit:language>
        <spirit:modelName>design_1_xyz_vga2hdmi_0_0</spirit:modelName>
        <spirit:fileSetRef>
          <spirit:localName>xilinx_verilogsynthesiswrapper_view_fileset</spirit:localName>
        </spirit:fileSetRef>
        <spirit:parameters>
          <spirit:parameter>
            <spirit:name>GENtimestamp</spirit:name>
            <spirit:value>Fri Jul 24 04:03:21 UTC 2020</spirit:value>
          </spirit:parameter>
          <spirit:parameter>
            <spirit:name>outputProductCRC</spirit:name>
            <spirit:value>9:3f712aa6</spirit:value>
          </spirit:parameter>
        </spirit:parameters>
      </spirit:view>
      <spirit:view>
        <spirit:name>xilinx_anylanguagebehavioralsimulation</spirit:name>
        <spirit:displayName>Simulation</spirit:displayName>
        <spirit:envIdentifier>:vivado.xilinx.com:simulation</spirit:envIdentifier>
        <spirit:modelName>vga_to_hdmi_top</spirit:modelName>
        <spirit:fileSetRef>
          <spirit:localName>xilinx_anylanguagebehavioralsimulation_view_fileset</spirit:localName>
        </spirit:fileSetRef>
        <spirit:parameters>
          <spirit:parameter>
            <spirit:name>GENtimestamp</spirit:name>
            <spirit:value>Fri Jul 24 04:03:21 UTC 2020</spirit:value>
          </spirit:parameter>
          <spirit:parameter>
            <spirit:name>outputProductCRC</spirit:name>
            <spirit:value>9:961ceb5f</spirit:value>
          </spirit:parameter>
        </spirit:parameters>
      </spirit:view>
      <spirit:view>
        <spirit:name>xilinx_verilogsimulationwrapper</spirit:name>
        <spirit:displayName>Verilog Simulation Wrapper</spirit:displayName>
        <spirit:envIdentifier>verilogSource:vivado.xilinx.com:simulation.wrapper</spirit:envIdentifier>
        <spirit:language>verilog</spirit:language>
        <spirit:modelName>design_1_xyz_vga2hdmi_0_0</spirit:modelName>
        <spirit:fileSetRef>
          <spirit:localName>xilinx_verilogsimulationwrapper_view_fileset</spirit:localName>
        </spirit:fileSetRef>
        <spirit:parameters>
          <spirit:parameter>
            <spirit:name>GENtimestamp</spirit:name>
            <spirit:value>Fri Jul 24 04:03:21 UTC 2020</spirit:value>
          </spirit:parameter>
          <spirit:parameter>
            <spirit:name>outputProductCRC</spirit:name>
            <spirit:value>9:961ceb5f</spirit:value>
          </spirit:parameter>
        </spirit:parameters>
      </spirit:view>
      <spirit:view>
        <spirit:name>xilinx_externalfiles</spirit:name>
        <spirit:displayName>External Files</spirit:displayName>
        <spirit:envIdentifier>:vivado.xilinx.com:external.files</spirit:envIdentifier>
        <spirit:fileSetRef>
          <spirit:localName>xilinx_externalfiles_view_fileset</spirit:localName>
        </spirit:fileSetRef>
        <spirit:parameters>
          <spirit:parameter>
            <spirit:name>GENtimestamp</spirit:name>
            <spirit:value>Fri Jul 24 04:04:59 UTC 2020</spirit:value>
          </spirit:parameter>
          <spirit:parameter>
            <spirit:name>outputProductCRC</spirit:name>
            <spirit:value>9:3f712aa6</spirit:value>
          </spirit:parameter>
        </spirit:parameters>
      </spirit:view>
    </spirit:views>
    <spirit:ports>
      <spirit:port>
        <spirit:name>pclk</spirit:name>
        <spirit:wire>
          <spirit:direction>in</spirit:direction>
          <spirit:wireTypeDefs>
            <spirit:wireTypeDef>
              <spirit:typeName>std_logic</spirit:typeName>
              <spirit:viewNameRef>xilinx_anylanguagesynthesis</spirit:viewNameRef>
              <spirit:viewNameRef>xilinx_anylanguagebehavioralsimulation</spirit:viewNameRef>
            </spirit:wireTypeDef>
          </spirit:wireTypeDefs>
        </spirit:wire>
      </spirit:port>
      <spirit:port>
        <spirit:name>pclk_x5</spirit:name>
        <spirit:wire>
          <spirit:direction>in</spirit:direction>
          <spirit:wireTypeDefs>
            <spirit:wireTypeDef>
              <spirit:typeName>std_logic</spirit:typeName>
              <spirit:viewNameRef>xilinx_anylanguagesynthesis</spirit:viewNameRef>
              <spirit:viewNameRef>xilinx_anylanguagebehavioralsimulation</spirit:viewNameRef>
            </spirit:wireTypeDef>
          </spirit:wireTypeDefs>
        </spirit:wire>
      </spirit:port>
      <spirit:port>
        <spirit:name>reset_n</spirit:name>
        <spirit:wire>
          <spirit:direction>in</spirit:direction>
          <spirit:wireTypeDefs>
            <spirit:wireTypeDef>
              <spirit:typeName>std_logic</spirit:typeName>
              <spirit:viewNameRef>xilinx_anylanguagesynthesis</spirit:viewNameRef>
              <spirit:viewNameRef>xilinx_anylanguagebehavioralsimulation</spirit:viewNameRef>
            </spirit:wireTypeDef>
          </spirit:wireTypeDefs>
        </spirit:wire>
      </spirit:port>
      <spirit:port>
        <spirit:name>video_din</spirit:name>
        <spirit:wire>
          <spirit:direction>in</spirit:direction>
          <spirit:vector>
            <spirit:left spirit:format="long">23</spirit:left>
            <spirit:right spirit:format="long">0</spirit:right>
          </spirit:vector>
          <spirit:wireTypeDefs>
            <spirit:wireTypeDef>
              <spirit:typeName>std_logic_vector</spirit:typeName>
              <spirit:viewNameRef>xilinx_anylanguagesynthesis</spirit:viewNameRef>
              <spirit:viewNameRef>xilinx_anylanguagebehavioralsimulation</spirit:viewNameRef>
            </spirit:wireTypeDef>
          </spirit:wireTypeDefs>
        </spirit:wire>
      </spirit:port>
      <spirit:port>
        <spirit:name>video_hsync</spirit:name>
        <spirit:wire>
          <spirit:direction>in</spirit:direction>
          <spirit:wireTypeDefs>
            <spirit:wireTypeDef>
              <spirit:typeName>std_logic</spirit:typeName>
              <spirit:viewNameRef>xilinx_anylanguagesynthesis</spirit:viewNameRef>
              <spirit:viewNameRef>xilinx_anylanguagebehavioralsimulation</spirit:viewNameRef>
            </spirit:wireTypeDef>
          </spirit:wireTypeDefs>
        </spirit:wire>
      </spirit:port>
      <spirit:port>
        <spirit:name>video_vsync</spirit:name>
        <spirit:wire>
          <spirit:direction>in</spirit:direction>
          <spirit:wireTypeDefs>
            <spirit:wireTypeDef>
              <spirit:typeName>std_logic</spirit:typeName>
              <spirit:viewNameRef>xilinx_anylanguagesynthesis</spirit:viewNameRef>
              <spirit:viewNameRef>xilinx_anylanguagebehavioralsimulation</spirit:viewNameRef>
            </spirit:wireTypeDef>
          </spirit:wireTypeDefs>
        </spirit:wire>
      </spirit:port>
      <spirit:port>
        <spirit:name>video_de</spirit:name>
        <spirit:wire>
          <spirit:direction>in</spirit:direction>
          <spirit:wireTypeDefs>
            <spirit:wireTypeDef>
              <spirit:typeName>std_logic</spirit:typeName>
              <spirit:viewNameRef>xilinx_anylanguagesynthesis</spirit:viewNameRef>
              <spirit:viewNameRef>xilinx_anylanguagebehavioralsimulation</spirit:viewNameRef>
            </spirit:wireTypeDef>
          </spirit:wireTypeDefs>
        </spirit:wire>
      </spirit:port>
      <spirit:port>
        <spirit:name>tmds_clk_p</spirit:name>
        <spirit:wire>
          <spirit:direction>out</spirit:direction>
          <spirit:wireTypeDefs>
            <spirit:wireTypeDef>
              <spirit:typeName>std_logic</spirit:typeName>
              <spirit:viewNameRef>xilinx_anylanguagesynthesis</spirit:viewNameRef>
              <spirit:viewNameRef>xilinx_anylanguagebehavioralsimulation</spirit:viewNameRef>
            </spirit:wireTypeDef>
          </spirit:wireTypeDefs>
        </spirit:wire>
      </spirit:port>
      <spirit:port>
        <spirit:name>tmds_clk_n</spirit:name>
        <spirit:wire>
          <spirit:direction>out</spirit:direction>
          <spirit:wireTypeDefs>
            <spirit:wireTypeDef>
              <spirit:typeName>std_logic</spirit:typeName>
              <spirit:viewNameRef>xilinx_anylanguagesynthesis</spirit:viewNameRef>
              <spirit:viewNameRef>xilinx_anylanguagebehavioralsimulation</spirit:viewNameRef>
            </spirit:wireTypeDef>
          </spirit:wireTypeDefs>
        </spirit:wire>
      </spirit:port>
      <spirit:port>
        <spirit:name>tmds_data_p</spirit:name>
        <spirit:wire>
          <spirit:direction>out</spirit:direction>
          <spirit:vector>
            <spirit:left spirit:format="long">2</spirit:left>
            <spirit:right spirit:format="long">0</spirit:right>
          </spirit:vector>
          <spirit:wireTypeDefs>
            <spirit:wireTypeDef>
              <spirit:typeName>std_logic_vector</spirit:typeName>
              <spirit:viewNameRef>xilinx_anylanguagesynthesis</spirit:viewNameRef>
              <spirit:viewNameRef>xilinx_anylanguagebehavioralsimulation</spirit:viewNameRef>
            </spirit:wireTypeDef>
          </spirit:wireTypeDefs>
        </spirit:wire>
      </spirit:port>
      <spirit:port>
        <spirit:name>tmds_data_n</spirit:name>
        <spirit:wire>
          <spirit:direction>out</spirit:direction>
          <spirit:vector>
            <spirit:left spirit:format="long">2</spirit:left>
            <spirit:right spirit:format="long">0</spirit:right>
          </spirit:vector>
          <spirit:wireTypeDefs>
            <spirit:wireTypeDef>
              <spirit:typeName>std_logic_vector</spirit:typeName>
              <spirit:viewNameRef>xilinx_anylanguagesynthesis</spirit:viewNameRef>
              <spirit:viewNameRef>xilinx_anylanguagebehavioralsimulation</spirit:viewNameRef>
            </spirit:wireTypeDef>
          </spirit:wireTypeDefs>
        </spirit:wire>
      </spirit:port>
    </spirit:ports>
    <spirit:modelParameters>
      <spirit:modelParameter xsi:type="spirit:nameValueTypeType" spirit:dataType="integer">
        <spirit:name>clkdiv</spirit:name>
        <spirit:displayName>Clkdiv</spirit:displayName>
        <spirit:value spirit:format="bitString" spirit:resolve="generated" spirit:id="MODELPARAM_VALUE.clkdiv" spirit:bitStringLength="10">&quot;1111100000&quot;</spirit:value>
      </spirit:modelParameter>
    </spirit:modelParameters>
  </spirit:model>
  <spirit:fileSets>
    <spirit:fileSet>
      <spirit:name>xilinx_anylanguagesynthesis_view_fileset</spirit:name>
      <spirit:file>
        <spirit:name>../../13_hdmi_colorbar/my_src/asyn_rst.v</spirit:name>
        <spirit:fileType>verilogSource</spirit:fileType>
      </spirit:file>
      <spirit:file>
        <spirit:name>../../13_hdmi_colorbar/my_src/encorder.v</spirit:name>
        <spirit:fileType>verilogSource</spirit:fileType>
      </spirit:file>
      <spirit:file>
        <spirit:name>../../13_hdmi_colorbar/my_src/serial.v</spirit:name>
        <spirit:fileType>verilogSource</spirit:fileType>
      </spirit:file>
      <spirit:file>
        <spirit:name>../../13_hdmi_colorbar/my_src/vga2hdmi.v</spirit:name>
        <spirit:fileType>verilogSource</spirit:fileType>
      </spirit:file>
    </spirit:fileSet>
    <spirit:fileSet>
      <spirit:name>xilinx_verilogsynthesiswrapper_view_fileset</spirit:name>
      <spirit:file>
        <spirit:name>synth/design_1_xyz_vga2hdmi_0_0.v</spirit:name>
        <spirit:fileType>verilogSource</spirit:fileType>
        <spirit:logicalName>xil_defaultlib</spirit:logicalName>
      </spirit:file>
    </spirit:fileSet>
    <spirit:fileSet>
      <spirit:name>xilinx_anylanguagebehavioralsimulation_view_fileset</spirit:name>
      <spirit:file>
        <spirit:name>../../13_hdmi_colorbar/my_src/asyn_rst.v</spirit:name>
        <spirit:fileType>verilogSource</spirit:fileType>
      </spirit:file>
      <spirit:file>
        <spirit:name>../../13_hdmi_colorbar/my_src/encorder.v</spirit:name>
        <spirit:fileType>verilogSource</spirit:fileType>
      </spirit:file>
      <spirit:file>
        <spirit:name>../../13_hdmi_colorbar/my_src/serial.v</spirit:name>
        <spirit:fileType>verilogSource</spirit:fileType>
      </spirit:file>
      <spirit:file>
        <spirit:name>../../13_hdmi_colorbar/my_src/vga2hdmi.v</spirit:name>
        <spirit:fileType>verilogSource</spirit:fileType>
      </spirit:file>
    </spirit:fileSet>
    <spirit:fileSet>
      <spirit:name>xilinx_verilogsimulationwrapper_view_fileset</spirit:name>
      <spirit:file>
        <spirit:name>sim/design_1_xyz_vga2hdmi_0_0.v</spirit:name>
        <spirit:fileType>verilogSource</spirit:fileType>
        <spirit:logicalName>xil_defaultlib</spirit:logicalName>
      </spirit:file>
    </spirit:fileSet>
    <spirit:fileSet>
      <spirit:name>xilinx_externalfiles_view_fileset</spirit:name>
      <spirit:file>
        <spirit:name>design_1_xyz_vga2hdmi_0_0.dcp</spirit:name>
        <spirit:userFileType>dcp</spirit:userFileType>
        <spirit:userFileType>USED_IN_implementation</spirit:userFileType>
        <spirit:userFileType>USED_IN_synthesis</spirit:userFileType>
        <spirit:logicalName>xil_defaultlib</spirit:logicalName>
      </spirit:file>
      <spirit:file>
        <spirit:name>design_1_xyz_vga2hdmi_0_0_stub.v</spirit:name>
        <spirit:fileType>verilogSource</spirit:fileType>
        <spirit:userFileType>USED_IN_synth_blackbox_stub</spirit:userFileType>
        <spirit:logicalName>xil_defaultlib</spirit:logicalName>
      </spirit:file>
      <spirit:file>
        <spirit:name>design_1_xyz_vga2hdmi_0_0_stub.vhdl</spirit:name>
        <spirit:fileType>vhdlSource</spirit:fileType>
        <spirit:userFileType>USED_IN_synth_blackbox_stub</spirit:userFileType>
        <spirit:logicalName>xil_defaultlib</spirit:logicalName>
      </spirit:file>
      <spirit:file>
        <spirit:name>design_1_xyz_vga2hdmi_0_0_sim_netlist.v</spirit:name>
        <spirit:fileType>verilogSource</spirit:fileType>
        <spirit:userFileType>USED_IN_simulation</spirit:userFileType>
        <spirit:userFileType>USED_IN_single_language</spirit:userFileType>
        <spirit:logicalName>xil_defaultlib</spirit:logicalName>
      </spirit:file>
      <spirit:file>
        <spirit:name>design_1_xyz_vga2hdmi_0_0_sim_netlist.vhdl</spirit:name>
        <spirit:fileType>vhdlSource</spirit:fileType>
        <spirit:userFileType>USED_IN_simulation</spirit:userFileType>
        <spirit:userFileType>USED_IN_single_language</spirit:userFileType>
        <spirit:logicalName>xil_defaultlib</spirit:logicalName>
      </spirit:file>
    </spirit:fileSet>
  </spirit:fileSets>
  <spirit:description>vga_to_hdmi_top_v1_0</spirit:description>
  <spirit:parameters>
    <spirit:parameter>
      <spirit:name>clkdiv</spirit:name>
      <spirit:displayName>Clkdiv</spirit:displayName>
      <spirit:value spirit:format="bitString" spirit:resolve="user" spirit:id="PARAM_VALUE.clkdiv" spirit:bitStringLength="10">&quot;1111100000&quot;</spirit:value>
    </spirit:parameter>
    <spirit:parameter>
      <spirit:name>Component_Name</spirit:name>
      <spirit:value spirit:resolve="user" spirit:id="PARAM_VALUE.Component_Name" spirit:order="1">design_1_xyz_vga2hdmi_0_0</spirit:value>
    </spirit:parameter>
  </spirit:parameters>
  <spirit:vendorExtensions>
    <xilinx:coreExtensions>
      <xilinx:displayName>vga_to_hdmi_top_v1_0</xilinx:displayName>
      <xilinx:definitionSource>package_project</xilinx:definitionSource>
      <xilinx:coreRevision>8</xilinx:coreRevision>
      <xilinx:tags>
        <xilinx:tag xilinx:name="ui.data.coregen.dd@37cf88_ARCHIVE_LOCATION">f:/1_fpga_design/artix7-moved/13_hdmi_colorbar/my_src</xilinx:tag>
        <xilinx:tag xilinx:name="ui.data.coregen.dd@516d3892_ARCHIVE_LOCATION">f:/1_fpga_design/artix7-moved/13_hdmi_colorbar/my_src</xilinx:tag>
        <xilinx:tag xilinx:name="ui.data.coregen.dd@5b8b65e6_ARCHIVE_LOCATION">f:/1_fpga_design/artix7-moved/13_hdmi_colorbar/my_src</xilinx:tag>
        <xilinx:tag xilinx:name="ui.data.coregen.dd@57494335_ARCHIVE_LOCATION">f:/1_fpga_design/artix7-moved/13_hdmi_colorbar/my_src</xilinx:tag>
        <xilinx:tag xilinx:name="ui.data.coregen.dd@774006a5_ARCHIVE_LOCATION">f:/1_fpga_design/artix7-moved/13_hdmi_colorbar/my_src</xilinx:tag>
        <xilinx:tag xilinx:name="ui.data.coregen.dd@55103483_ARCHIVE_LOCATION">f:/1_fpga_design/artix7-moved/13_hdmi_colorbar/my_src</xilinx:tag>
        <xilinx:tag xilinx:name="ui.data.coregen.dd@29540354_ARCHIVE_LOCATION">f:/1_fpga_design/artix7-moved/13_hdmi_colorbar/my_src</xilinx:tag>
        <xilinx:tag xilinx:name="ui.data.coregen.dd@694207d7_ARCHIVE_LOCATION">f:/1_fpga_design/artix7-moved/13_hdmi_colorbar/my_src</xilinx:tag>
        <xilinx:tag xilinx:name="ui.data.coregen.dd@4b465d4e_ARCHIVE_LOCATION">f:/1_fpga_design/artix7-moved/13_hdmi_colorbar/my_src</xilinx:tag>
        <xilinx:tag xilinx:name="ui.data.coregen.dd@3c9933e_ARCHIVE_LOCATION">f:/1_fpga_design/artix7-moved/13_hdmi_colorbar/my_src</xilinx:tag>
        <xilinx:tag xilinx:name="ui.data.coregen.dd@bc2cd5_ARCHIVE_LOCATION">f:/1_fpga_design/artix7-moved/13_hdmi_colorbar/my_src</xilinx:tag>
        <xilinx:tag xilinx:name="ui.data.coregen.dd@6a988bc7_ARCHIVE_LOCATION">f:/1_fpga_design/artix7-moved/13_hdmi_colorbar/my_src</xilinx:tag>
        <xilinx:tag xilinx:name="ui.data.coregen.dd@16778279_ARCHIVE_LOCATION">f:/1_fpga_design/artix7-moved/13_hdmi_colorbar/my_src</xilinx:tag>
        <xilinx:tag xilinx:name="ui.data.coregen.dd@7c7e9d04_ARCHIVE_LOCATION">f:/1_fpga_design/artix7-moved/13_hdmi_colorbar/my_src</xilinx:tag>
        <xilinx:tag xilinx:name="ui.data.coregen.dd@26be5f7b_ARCHIVE_LOCATION">f:/1_fpga_design/artix7-moved/13_hdmi_colorbar/my_src</xilinx:tag>
        <xilinx:tag xilinx:name="ui.data.coregen.dd@6139b970_ARCHIVE_LOCATION">f:/1_fpga_design/artix7-moved/13_hdmi_colorbar/my_src</xilinx:tag>
        <xilinx:tag xilinx:name="ui.data.coregen.dd@47b15b_ARCHIVE_LOCATION">f:/1_fpga_design/artix7-moved/13_hdmi_colorbar/my_src</xilinx:tag>
        <xilinx:tag xilinx:name="ui.data.coregen.dd@72891144_ARCHIVE_LOCATION">f:/1_fpga_design/artix7-moved/13_hdmi_colorbar/my_src</xilinx:tag>
        <xilinx:tag xilinx:name="ui.data.coregen.dd@23cfbb04_ARCHIVE_LOCATION">f:/1_fpga_design/artix7-moved/13_hdmi_colorbar/my_src</xilinx:tag>
        <xilinx:tag xilinx:name="ui.data.coregen.dd@4e3d054b_ARCHIVE_LOCATION">f:/1_fpga_design/artix7-moved/13_hdmi_colorbar/my_src</xilinx:tag>
        <xilinx:tag xilinx:name="ui.data.coregen.dd@1ab5e70e_ARCHIVE_LOCATION">f:/1_fpga_design/artix7-moved/13_hdmi_colorbar/my_src</xilinx:tag>
        <xilinx:tag xilinx:name="ui.data.coregen.dd@612d269c_ARCHIVE_LOCATION">f:/1_fpga_design/artix7-moved/13_hdmi_colorbar/my_src</xilinx:tag>
        <xilinx:tag xilinx:name="ui.data.coregen.dd@27115e80_ARCHIVE_LOCATION">f:/1_FPGA_Design/ARTIX7-MOVED/13_hdmi_colorbar/my_src</xilinx:tag>
        <xilinx:tag xilinx:name="ui.data.coregen.dd@354ba49_ARCHIVE_LOCATION">f:/1_FPGA_Design/ARTIX7-MOVED/13_hdmi_colorbar/my_src</xilinx:tag>
        <xilinx:tag xilinx:name="ui.data.coregen.dd@7eb900ec_ARCHIVE_LOCATION">f:/1_FPGA_Design/ARTIX7-MOVED/13_hdmi_colorbar/my_src</xilinx:tag>
        <xilinx:tag xilinx:name="ui.data.coregen.dd@11709707_ARCHIVE_LOCATION">f:/1_FPGA_Design/ARTIX7-MOVED/13_hdmi_colorbar/my_src</xilinx:tag>
        <xilinx:tag xilinx:name="ui.data.coregen.dd@5dc8141d_ARCHIVE_LOCATION">f:/1_FPGA_Design/ARTIX7-MOVED/13_hdmi_colorbar/my_src</xilinx:tag>
        <xilinx:tag xilinx:name="ui.data.coregen.dd@5fb1b547_ARCHIVE_LOCATION">f:/1_FPGA_Design/ARTIX7-MOVED/13_hdmi_colorbar/my_src</xilinx:tag>
        <xilinx:tag xilinx:name="ui.data.coregen.dd@318b63ab_ARCHIVE_LOCATION">f:/1_FPGA_Design/ARTIX7-MOVED/13_hdmi_colorbar/my_src</xilinx:tag>
        <xilinx:tag xilinx:name="ui.data.coregen.dd@4384c979_ARCHIVE_LOCATION">f:/1_FPGA_Design/ARTIX7-MOVED/13_hdmi_colorbar/my_src</xilinx:tag>
        <xilinx:tag xilinx:name="ui.data.coregen.dd@77288eb7_ARCHIVE_LOCATION">f:/1_FPGA_Design/ARTIX7-MOVED/13_hdmi_colorbar/my_src</xilinx:tag>
        <xilinx:tag xilinx:name="ui.data.coregen.dd@4337e544_ARCHIVE_LOCATION">f:/1_FPGA_Design/ARTIX7-MOVED/13_hdmi_colorbar/my_src</xilinx:tag>
        <xilinx:tag xilinx:name="ui.data.coregen.dd@5ae5f6a2_ARCHIVE_LOCATION">f:/1_FPGA_Design/ARTIX7-MOVED/13_hdmi_colorbar/my_src</xilinx:tag>
        <xilinx:tag xilinx:name="ui.data.coregen.dd@63b179bb_ARCHIVE_LOCATION">f:/1_fpga_design/artix7-moved/13_hdmi_colorbar/my_src</xilinx:tag>
        <xilinx:tag xilinx:name="ui.data.coregen.dd@6ee83e06_ARCHIVE_LOCATION">f:/1_fpga_design/artix7-moved/13_hdmi_colorbar/my_src</xilinx:tag>
        <xilinx:tag xilinx:name="ui.data.coregen.dd@5640cfd1_ARCHIVE_LOCATION">f:/1_fpga_design/artix7-moved/13_hdmi_colorbar/my_src</xilinx:tag>
        <xilinx:tag xilinx:name="ui.data.coregen.dd@6e3fad2_ARCHIVE_LOCATION">f:/1_fpga_design/artix7-moved/13_hdmi_colorbar/my_src</xilinx:tag>
        <xilinx:tag xilinx:name="ui.data.coregen.dd@16b0894_ARCHIVE_LOCATION">f:/1_fpga_design/artix7-moved/13_hdmi_colorbar/my_src</xilinx:tag>
        <xilinx:tag xilinx:name="ui.data.coregen.dd@5c7b340c_ARCHIVE_LOCATION">f:/1_fpga_design/artix7-moved/13_hdmi_colorbar/my_src</xilinx:tag>
        <xilinx:tag xilinx:name="ui.data.coregen.dd@14a3758b_ARCHIVE_LOCATION">f:/1_fpga_design/artix7-moved/13_hdmi_colorbar/my_src</xilinx:tag>
        <xilinx:tag xilinx:name="ui.data.coregen.dd@8aa3f45_ARCHIVE_LOCATION">f:/1_fpga_design/artix7-moved/13_hdmi_colorbar/my_src</xilinx:tag>
        <xilinx:tag xilinx:name="ui.data.coregen.dd@47359262_ARCHIVE_LOCATION">f:/1_fpga_design/artix7-moved/13_hdmi_colorbar/my_src</xilinx:tag>
        <xilinx:tag xilinx:name="ui.data.coregen.dd@70d1598d_ARCHIVE_LOCATION">f:/1_fpga_design/artix7-moved/13_hdmi_colorbar/my_src</xilinx:tag>
        <xilinx:tag xilinx:name="ui.data.coregen.dd@4ebf64c9_ARCHIVE_LOCATION">f:/1_fpga_design/artix7-moved/13_hdmi_colorbar/my_src</xilinx:tag>
        <xilinx:tag xilinx:name="ui.data.coregen.dd@49eb17c8_ARCHIVE_LOCATION">f:/1_fpga_design/artix7-moved/13_hdmi_colorbar/my_src</xilinx:tag>
        <xilinx:tag xilinx:name="ui.data.coregen.dd@66ab84bd_ARCHIVE_LOCATION">f:/1_fpga_design/artix7-moved/13_hdmi_colorbar/my_src</xilinx:tag>
        <xilinx:tag xilinx:name="ui.data.coregen.dd@3604b8f6_ARCHIVE_LOCATION">f:/1_fpga_design/artix7-moved/13_hdmi_colorbar/my_src</xilinx:tag>
        <xilinx:tag xilinx:name="ui.data.coregen.dd@3bcf78fe_ARCHIVE_LOCATION">f:/1_fpga_design/artix7-moved/13_hdmi_colorbar/my_src</xilinx:tag>
        <xilinx:tag xilinx:name="ui.data.coregen.dd@24762bf3_ARCHIVE_LOCATION">f:/1_fpga_design/artix7-moved/13_hdmi_colorbar/my_src</xilinx:tag>
        <xilinx:tag xilinx:name="ui.data.coregen.dd@51f03702_ARCHIVE_LOCATION">f:/1_fpga_design/artix7-moved/13_hdmi_colorbar/my_src</xilinx:tag>
        <xilinx:tag xilinx:name="ui.data.coregen.dd@28aa9f41_ARCHIVE_LOCATION">f:/1_fpga_design/artix7-moved/13_hdmi_colorbar/my_src</xilinx:tag>
        <xilinx:tag xilinx:name="ui.data.coregen.dd@14fd682c_ARCHIVE_LOCATION">f:/1_fpga_design/artix7-moved/13_hdmi_colorbar/my_src</xilinx:tag>
        <xilinx:tag xilinx:name="ui.data.coregen.dd@58e21037_ARCHIVE_LOCATION">f:/1_fpga_design/artix7-moved/13_hdmi_colorbar/my_src</xilinx:tag>
        <xilinx:tag xilinx:name="ui.data.coregen.dd@30b9ac0b_ARCHIVE_LOCATION">f:/1_fpga_design/artix7-moved/13_hdmi_colorbar/my_src</xilinx:tag>
        <xilinx:tag xilinx:name="ui.data.coregen.dd@222307b0_ARCHIVE_LOCATION">f:/1_fpga_design/artix7-moved/13_hdmi_colorbar/my_src</xilinx:tag>
        <xilinx:tag xilinx:name="ui.data.coregen.dd@2fb341c6_ARCHIVE_LOCATION">f:/1_fpga_design/artix7-moved/13_hdmi_colorbar/my_src</xilinx:tag>
        <xilinx:tag xilinx:name="ui.data.coregen.dd@5aeb3a25_ARCHIVE_LOCATION">f:/1_FPGA_Design/ARTIX7-MOVED/hdmi_in_out/my_src</xilinx:tag>
        <xilinx:tag xilinx:name="ui.data.coregen.dd@22e6c3a6_ARCHIVE_LOCATION">f:/1_FPGA_Design/ARTIX7-MOVED/hdmi_in_out/my_src</xilinx:tag>
        <xilinx:tag xilinx:name="ui.data.coregen.dd@57b47f88_ARCHIVE_LOCATION">f:/1_FPGA_Design/ARTIX7-MOVED/hdmi_in_out/my_src</xilinx:tag>
        <xilinx:tag xilinx:name="ui.data.coregen.dd@3d60f257_ARCHIVE_LOCATION">f:/1_FPGA_Design/ARTIX7-MOVED/hdmi_in_out/my_src</xilinx:tag>
        <xilinx:tag xilinx:name="ui.data.coregen.dd@10974c69_ARCHIVE_LOCATION">f:/1_FPGA_Design/ARTIX7-MOVED/hdmi_in_out/my_src</xilinx:tag>
        <xilinx:tag xilinx:name="ui.data.coregen.dd@28443dd9_ARCHIVE_LOCATION">f:/1_FPGA_Design/ARTIX7-MOVED/hdmi_in_out/my_src</xilinx:tag>
        <xilinx:tag xilinx:name="ui.data.coregen.dd@7827ba7a_ARCHIVE_LOCATION">f:/1_FPGA_Design/ARTIX7-MOVED/hdmi_in_out/my_src</xilinx:tag>
        <xilinx:tag xilinx:name="ui.data.coregen.dd@626fecdc_ARCHIVE_LOCATION">f:/1_FPGA_Design/ARTIX7-MOVED/hdmi_in_out/my_src</xilinx:tag>
        <xilinx:tag xilinx:name="ui.data.coregen.dd@7760710_ARCHIVE_LOCATION">f:/1_FPGA_Design/ARTIX7-MOVED/hdmi_in_out/my_src</xilinx:tag>
        <xilinx:tag xilinx:name="ui.data.coregen.dd@1792fa2b_ARCHIVE_LOCATION">f:/1_FPGA_Design/ARTIX7-MOVED/hdmi_in_out/my_src</xilinx:tag>
        <xilinx:tag xilinx:name="ui.data.coregen.dd@6c4cd9a9_ARCHIVE_LOCATION">f:/1_FPGA_Design/ARTIX7-MOVED/hdmi_in_out/my_src</xilinx:tag>
      </xilinx:tags>
      <xilinx:configElementInfos>
        <xilinx:configElementInfo xilinx:referenceId="BUSIFPARAM_VALUE.TMDS_CLK_N.CLK_DOMAIN" xilinx:valuePermission="bd_and_user"/>
        <xilinx:configElementInfo xilinx:referenceId="BUSIFPARAM_VALUE.TMDS_CLK_P.CLK_DOMAIN" xilinx:valuePermission="bd_and_user"/>
      </xilinx:configElementInfos>
    </xilinx:coreExtensions>
    <xilinx:packagingInfo>
      <xilinx:xilinxVersion>2018.3</xilinx:xilinxVersion>
      <xilinx:checksum xilinx:scope="busInterfaces" xilinx:value="4732429d"/>
      <xilinx:checksum xilinx:scope="fileGroups" xilinx:value="bd818ad3"/>
      <xilinx:checksum xilinx:scope="ports" xilinx:value="8a994bb6"/>
      <xilinx:checksum xilinx:scope="hdlParameters" xilinx:value="2ac5ed6e"/>
      <xilinx:checksum xilinx:scope="parameters" xilinx:value="efef63f7"/>
    </xilinx:packagingInfo>
  </spirit:vendorExtensions>
</spirit:component>
